iter,time_sec,res_norm
1,2.2483368999965023,0.8077345813615258
