{
  "algo": "FISTA",
  "elapsed_sec": 2.3598776000144426,
  "iters": 600,
  "metrics": {
    "PSNR": 21.790964443890978
  },
  "solver_params": {
    "lam": 0.03544821972173437,
    "max_iter": 600,
    "tol": 1e-06
  }
}