{
  "algo": "ISTA",
  "elapsed_sec": 2.3659219999972265,
  "iters": 600,
  "metrics": {
    "PSNR": 19.740265326571077
  },
  "solver_params": {
    "lam": 0.03544821972173437,
    "max_iter": 600,
    "tol": 1e-06
  }
}