{
  "algo": "CoSaMP",
  "elapsed_sec": 1.296493100002408,
  "iters": 9,
  "metrics": {
    "PSNR": 17.788084373044576
  },
  "solver_params": {
    "K": 256,
    "max_iter": 600,
    "tol": 1e-06,
    "rels": false
  }
}