{
  "algo": "OMP",
  "elapsed_sec": 4.736069700011285,
  "iters": 256,
  "metrics": {
    "PSNR": 20.29991242615447
  },
  "solver_params": {
    "K": 256,
    "tol": 1e-06
  }
}