{
  "algo": "ISTA",
  "elapsed_sec": 2.3623472999897785,
  "iters": 600,
  "metrics": {
    "PSNR": 18.278190447785548
  },
  "solver_params": {
    "lam": 0.03218280496385158,
    "max_iter": 600,
    "tol": 1e-06
  }
}