iter,time_sec,res_norm
1,2.8450347000034526,0.8097663336865751
