{
  "algo": "FISTA",
  "elapsed_sec": 2.9531927999923937,
  "iters": 600,
  "metrics": {
    "PSNR": 21.795183538885944
  },
  "solver_params": {
    "lam": 0.03544821972173437,
    "max_iter": 600,
    "tol": 1e-06
  }
}