{
  "algo": "IHT",
  "elapsed_sec": 3.6136303000093903,
  "iters": 578,
  "metrics": {
    "PSNR": 18.50959026089154
  },
  "solver_params": {
    "K": 256,
    "max_iter": 600,
    "tol": 1e-06
  }
}