{
  "algo": "CoSaMP",
  "elapsed_sec": 0.8334552999876905,
  "iters": 5,
  "metrics": {
    "PSNR": 16.76811715223473
  },
  "solver_params": {
    "K": 256,
    "max_iter": 600,
    "tol": 1e-06,
    "rels": false
  }
}