{
  "algo": "SP",
  "elapsed_sec": 1.5964582999877166,
  "iters": 13,
  "metrics": {
    "PSNR": 20.032166055738266
  },
  "solver_params": {
    "K": 256,
    "max_iter": 600,
    "tol": 1e-06,
    "rels": true
  }
}