iter,time_sec,res_norm
1,2.3947721000004094,0.7340692519310452
