iter,time_sec,res_norm
1,2.2006579999870155,0.7292663677401438
