{
  "algo": "FISTA",
  "elapsed_sec": 2.300870799983386,
  "iters": 600,
  "metrics": {
    "PSNR": 21.78538186063936
  },
  "solver_params": {
    "lam": 0.03218280496385158,
    "max_iter": 600,
    "tol": 1e-06
  }
}