{
  "algo": "OMP",
  "elapsed_sec": 4.13807590000215,
  "iters": 256,
  "metrics": {
    "PSNR": 20.031187797142742
  },
  "solver_params": {
    "K": 256,
    "tol": 1e-06
  }
}