{
  "algo": "IHT",
  "elapsed_sec": 3.745539600000484,
  "iters": 561,
  "metrics": {
    "PSNR": 19.293344321961705
  },
  "solver_params": {
    "K": 256,
    "max_iter": 600,
    "tol": 1e-06
  }
}