{
  "algo": "CoSaMP",
  "elapsed_sec": 1.1403780000109691,
  "iters": 6,
  "metrics": {
    "PSNR": 17.594630716146437
  },
  "solver_params": {
    "K": 256,
    "max_iter": 600,
    "tol": 1e-06,
    "rels": false
  }
}