{
  "algo": "SP",
  "elapsed_sec": 1.4160181999905035,
  "iters": 10,
  "metrics": {
    "PSNR": 19.551688392977915
  },
  "solver_params": {
    "K": 256,
    "max_iter": 600,
    "tol": 1e-06,
    "rels": true
  }
}