{
  "algo": "OMP",
  "elapsed_sec": 4.723654500005068,
  "iters": 256,
  "metrics": {
    "PSNR": 20.560303352571513
  },
  "solver_params": {
    "K": 256,
    "tol": 1e-06
  }
}