{
  "algo": "CoSaMP",
  "elapsed_sec": 1.1503237999859266,
  "iters": 6,
  "metrics": {
    "PSNR": 17.005914752054714
  },
  "solver_params": {
    "K": 256,
    "max_iter": 600,
    "tol": 1e-06,
    "rels": false
  }
}